timestamp[us],RBid,x[m],y[m],z[m],qx,qy,qz,qw,vx[m/s],vy[m/s],vz[m/s],wxbody[rad/s],wybody[rad/s],wzbody[rad/s]
6843218174716,666,0.140253,0.187324,-1.48483,0.0796993,-0.0716638,-0.721491,-0.684078,4.59135e-41,2.40747e+17,-1.54143e-43,0,0,0
6843218185827,666,0.139271,0.188337,-1.48502,0.0815973,-0.0689132,-0.721397,-0.684236,-0.0887231,0.0904583,-0.0369686,0,0,0
6843218196938,666,0.137914,0.189282,-1.48562,0.0744026,-0.0686871,-0.721759,-0.684698,-0.153585,0.0797125,-0.106677,0,0,0
6843218208049,666,0.136803,0.190412,-1.48563,0.0755794,-0.0686633,-0.722048,-0.684265,-0.12722,0.104201,-0.0534039,0,0,0
6843218219160,666,0.135753,0.191545,-1.48532,0.0771855,-0.0679881,-0.722074,-0.684126,-0.0993643,0.104442,0.0316532,0,0,0
6843218230271,666,0.134552,0.192932,-1.48536,0.078218,-0.0684199,-0.722508,-0.683508,-0.0890368,0.120127,0.0293141,0,0,0
6843218241383,666,0.13371,0.194665,-1.48471,0.0858605,-0.0738294,-0.72244,-0.682098,-0.083748,0.155462,0.0935694,0,0,0
6843218252558,666,0.132309,0.196436,-1.48504,0.0901967,-0.0762913,-0.723674,-0.679956,-0.104153,0.169439,0.00729634,0,0,0
6843218263670,666,0.131082,0.19848,-1.48512,0.0932156,-0.073285,-0.724771,-0.67871,-0.112236,0.195775,-0.0358529,0,0,0
6843218274781,666,0.130069,0.200789,-1.48452,0.0987289,-0.0708933,-0.725011,-0.677928,-0.0959537,0.213047,0.0612138,0,0,0
6843218285891,666,0.128854,0.203362,-1.48431,0.101757,-0.0722921,-0.725107,-0.67723,-0.108713,0.226642,0.0229191,0,0,0
6843218297003,666,0.127552,0.206386,-1.4841,0.106464,-0.0730904,-0.724858,-0.676686,-0.0900131,0.286633,0.106379,0,0,0
6843218308114,666,0.12592,0.209788,-1.48468,0.105221,-0.0734747,-0.724613,-0.677102,-0.170497,0.310747,-0.0869395,0,0,0
6843218319225,666,0.124951,0.213587,-1.48362,0.111534,-0.0757892,-0.725136,-0.675274,-0.0920465,0.366676,0.0897235,0,0,0
6843218330336,666,0.123028,0.217586,-1.48382,0.106616,-0.0759238,-0.724009,-0.67726,-0.14516,0.377729,-0.0052138,0,0,0
6843218341447,666,0.121495,0.222164,-1.48339,0.107802,-0.078826,-0.72362,-0.677155,-0.13571,0.424619,0.0310468,0,0,0
6843218352544,666,0.119918,0.227214,-1.4833,0.111331,-0.0808234,-0.723489,-0.676488,-0.137391,0.460306,0.0144574,0,0,0
6843218363656,666,0.118571,0.23257,-1.48297,0.111689,-0.0839114,-0.723156,-0.67641,-0.109301,0.487737,0.0215418,0,0,0
6843218374767,666,0.117468,0.238417,-1.4824,0.116089,-0.0867992,-0.723615,-0.674811,-0.0876208,0.527688,0.110133,0,0,0
6843218385877,666,0.116307,0.244495,-1.48214,0.113355,-0.088299,-0.723145,-0.675585,-0.10638,0.557306,0.009614,0,0,0
6843218396989,666,0.115454,0.251029,-1.48192,0.115536,-0.0875298,-0.723041,-0.675427,-0.0843769,0.614507,0.00315403,0,0,0
6843218408100,666,0.114947,0.25791,-1.48143,0.116094,-0.0908106,-0.72264,-0.675327,-0.0564533,0.606512,0.0245456,0,0,0
6843218419211,666,0.114497,0.265344,-1.4807,0.123948,-0.0929867,-0.722321,-0.673975,-0.0601438,0.686618,0.0025108,0,0,0
6843218430322,666,0.114102,0.272997,-1.4801,0.124413,-0.0958183,-0.721701,-0.674158,-0.0333003,0.700062,0.0814615,0,0,0
6843218441434,666,0.113716,0.280944,-1.47988,0.120727,-0.0897811,-0.7208,-0.676618,-0.0631154,0.707859,-0.0256184,0,0,0
6843218452553,666,0.113565,0.289459,-1.47907,0.126074,-0.0949135,-0.720781,-0.674961,0.0279772,0.767576,0.157003,0,0,0
6843218463665,666,0.113289,0.298245,-1.47864,0.127556,-0.0923529,-0.719795,-0.676088,0.0208914,0.805548,0.146759,0,0,0
6843218474776,666,0.113089,0.30735,-1.47761,0.124693,-0.0994137,-0.719212,-0.676242,-0.00726955,0.815927,0.125367,0,0,0
6843218485887,666,0.112926,0.316988,-1.47709,0.128934,-0.091708,-0.718255,-0.677551,-0.0444782,0.886217,0.0756537,0,0,0
6843218496998,666,0.112948,0.326811,-1.47558,0.128145,-0.0947077,-0.717117,-0.678492,-0.0290499,0.89672,0.0787361,0,0,0
6843218508109,666,0.112782,0.337215,-1.47476,0.129267,-0.0925519,-0.716639,-0.679082,-0.0092532,0.94134,0.0862255,0,0,0
6843218519220,666,0.112713,0.347919,-1.47344,0.128994,-0.098059,-0.715874,-0.679168,-0.0117372,0.966786,0.129875,0,0,0
6843218530332,666,0.112637,0.359196,-1.47193,0.132683,-0.0971314,-0.713804,-0.680768,0.0188343,1.02059,0.205891,0,0,0
6843218541443,666,0.112746,0.370701,-1.47103,0.132801,-0.0879545,-0.714094,-0.681688,0.0265263,1.08048,0.0359173,0,0,0
6843218552545,666,0.11221,0.382453,-1.46946,0.127683,-0.0953172,-0.711782,-0.68409,-0.0543596,1.07539,0.095548,0,0,0
6843218563656,666,0.11237,0.394842,-1.46745,0.13391,-0.0934029,-0.710561,-0.684432,0.0141487,1.11573,0.164919,0,0,0
6843218574768,666,0.112231,0.407499,-1.46579,0.130296,-0.0912564,-0.708634,-0.68741,-0.00342759,1.1531,0.148861,0,0,0
6843218585879,666,0.112578,0.420635,-1.46323,0.135614,-0.0973416,-0.707324,-0.686897,0.0532416,1.19033,0.250348,0,0,0
6843218596990,666,0.112602,0.434236,-1.46139,0.137727,-0.0952804,-0.706054,-0.68807,0.0177878,1.22404,0.210896,0,0,0
6843218608101,666,0.112933,0.448298,-1.45876,0.137221,-0.105513,-0.70432,-0.688455,0.038067,1.27603,0.269814,0,0,0
6843218619212,666,0.113269,0.462556,-1.45657,0.140499,-0.0994745,-0.703666,-0.689361,0.0266222,1.28823,0.16464,0,0,0
6843218630323,666,0.113558,0.477358,-1.45453,0.142605,-0.0980109,-0.702542,-0.690285,0.0534752,1.33981,0.269385,0,0,0
6843218641434,666,0.114021,0.492519,-1.4517,0.144036,-0.103037,-0.700943,-0.690881,0.0363167,1.38285,0.266703,0,0,0
6843218652545,666,0.114582,0.507977,-1.44962,0.146657,-0.102355,-0.700254,-0.691129,0.0642681,1.39366,0.263076,0,0,0
6843218663633,666,0.115218,0.523965,-1.44713,0.148022,-0.109185,-0.698365,-0.691704,0.0618401,1.43897,0.434505,0,0,0
6843218674744,666,0.115856,0.54014,-1.44536,0.152394,-0.104266,-0.696966,-0.692923,0.0764556,1.48744,0.195743,0,0,0
6843218685855,666,0.116801,0.556575,-1.44283,0.155083,-0.105381,-0.694621,-0.694511,0.0863763,1.4856,0.228463,0,0,0
6843218696966,666,0.117577,0.573363,-1.44074,0.15659,-0.106608,-0.692642,-0.695961,0.0745581,1.50882,0.214212,0,0,0
6843218708077,666,0.118359,0.590443,-1.43894,0.157794,-0.109783,-0.691092,-0.696736,0.0715878,1.53488,0.173386,0,0,0
6843218719188,666,0.119309,0.607579,-1.43717,0.161069,-0.105036,-0.689514,-0.69828,0.113791,1.53497,0.173116,0,0,0
6843218730300,666,0.120173,0.625018,-1.43549,0.165158,-0.11362,-0.688108,-0.697367,0.0850782,1.57538,0.126419,0,0,0
6843218741410,666,0.121426,0.642544,-1.43487,0.167601,-0.0990433,-0.688315,-0.698801,0.0660319,1.57302,0.0634781,0,0,0
6843218752522,666,0.122651,0.660236,-1.43351,0.170173,-0.100923,-0.687291,-0.698919,0.155294,1.59684,-0.00941916,0,0,0
6843218763657,666,0.123573,0.678079,-1.43173,0.170422,-0.111563,-0.685728,-0.698776,0.0677338,1.61305,0.0936982,0,0,0
6843218774768,666,0.125179,0.696081,-1.4301,0.178325,-0.110229,-0.685375,-0.69736,0.107986,1.60971,0.0617288,0,0,0
6843218785879,666,0.126526,0.714138,-1.4293,0.181364,-0.110402,-0.68428,-0.697623,0.159256,1.64022,0.127815,0,0,0
6843218796990,666,0.127602,0.732291,-1.42901,0.181116,-0.109566,-0.683139,-0.698938,0.0991604,1.61847,0.0361813,0,0,0
6843218808101,666,0.128866,0.750324,-1.42823,0.185318,-0.107307,-0.681837,-0.699458,0.0783142,1.61538,0.0194391,0,0,0
6843218819212,666,0.130248,0.768334,-1.42742,0.192081,-0.11055,-0.681658,-0.697298,0.131439,1.60743,0.117857,0,0,0
6843218830323,666,0.131254,0.785991,-1.42748,0.191679,-0.10962,-0.680698,-0.698493,0.114625,1.58518,0.0504091,0,0,0
6843218841434,666,0.132293,0.803409,-1.42769,0.195564,-0.109862,-0.68062,-0.697453,0.101666,1.56024,-0.0229835,0,0,0
6843218852546,666,0.133172,0.82066,-1.42745,0.198387,-0.11605,-0.680146,-0.696115,0.061474,1.53277,-0.0398866,0,0,0
6843218863640,666,0.134174,0.83783,-1.42746,0.205671,-0.124015,-0.681305,-0.691479,0.0956276,1.507,-0.0154511,0,0,0
6843218874751,666,0.135144,0.854826,-1.42734,0.209142,-0.12595,-0.680863,-0.690523,0.140754,1.54942,0.104898,0,0,0
6843218885862,666,0.13529,0.871833,-1.42798,0.215433,-0.133027,-0.680472,-0.687641,0.0329676,1.51962,-0.00598729,0,0,0
6843218896974,666,0.135173,0.888563,-1.42897,0.210627,-0.132787,-0.680638,-0.689011,-0.032259,1.49188,-0.121119,0,0,0
6843218908084,666,0.13489,0.90539,-1.42939,0.218796,-0.144354,-0.680645,-0.684115,-0.0155047,1.53133,0.097728,0,0,0
6843218919195,666,0.134117,0.921955,-1.43054,0.22108,-0.147737,-0.679655,-0.683643,-0.0233,1.52219,0.026417,0,0,0
6843218930306,666,0.132723,0.938188,-1.4323,0.21549,-0.153424,-0.679298,-0.684528,-0.138628,1.45734,-0.177473,0,0,0
6843218941418,666,0.131725,0.954697,-1.43323,0.218497,-0.166243,-0.677817,-0.682046,-0.181662,1.50806,-0.0059433,0,0,0
6843218952529,666,0.130486,0.971298,-1.43471,0.221182,-0.169795,-0.676212,-0.681899,-0.0731702,1.49973,-0.118566,0,0,0
6843218963644,666,0.128405,0.988076,-1.4368,0.219657,-0.180376,-0.673241,-0.682614,-0.184115,1.49578,-0.199204,0,0,0
6843218974755,666,0.126966,1.00504,-1.43949,0.222392,-0.17905,-0.672748,-0.682564,-0.163969,1.50402,-0.401377,0,0,0
6843218985866,666,0.12504,1.02248,-1.44091,0.227102,-0.19014,-0.669855,-0.680856,-0.125673,1.56596,-0.204325,0,0,0
6843218996977,666,0.12309,1.04013,-1.44329,0.23122,-0.194142,-0.668727,-0.679449,-0.133606,1.59873,-0.184629,0,0,0
6843219008088,666,0.120179,1.05756,-1.44627,0.224029,-0.191072,-0.668504,-0.682938,-0.21712,1.5915,-0.313536,0,0,0
6843219019199,666,0.117342,1.07541,-1.44862,0.221456,-0.195654,-0.668499,-0.682485,-0.26475,1.60167,-0.290416,0,0,0
6843219030310,666,0.114837,1.09341,-1.45162,0.221775,-0.191352,-0.670811,-0.681332,-0.20497,1.6334,-0.333747,0,0,0
6843219041421,666,0.111877,1.11124,-1.45413,0.220312,-0.19394,-0.67188,-0.680019,-0.193529,1.61445,-0.29959,0,0,0
6843219052532,666,0.108266,1.12903,-1.45621,0.217152,-0.200325,-0.671142,-0.679914,-0.306135,1.60541,-0.27078,0,0,0
6843219063643,666,0.105461,1.14691,-1.45911,0.218278,-0.196608,-0.673455,-0.67835,-0.255832,1.62247,-0.292497,0,0,0
6843219074740,666,0.102063,1.16484,-1.46157,0.217426,-0.198243,-0.673672,-0.677932,-0.324869,1.62254,-0.227433,0,0,0
6843219085850,666,0.098603,1.18273,-1.46307,0.214688,-0.206254,-0.672552,-0.677527,-0.286427,1.62187,-0.117214,0,0,0
6843219096961,666,0.0955997,1.20088,-1.46586,0.217241,-0.199159,-0.675127,-0.676273,-0.243788,1.64157,-0.307863,0,0,0
6843219108073,666,0.0921949,1.21891,-1.46735,0.216901,-0.202863,-0.674806,-0.675602,-0.290031,1.63383,-0.204733,0,0,0
6843219119184,666,0.0895865,1.23747,-1.46886,0.222894,-0.203913,-0.676731,-0.671397,-0.168325,1.67899,-0.1473,0,0,0
6843219130295,666,0.085788,1.25582,-1.47019,0.21992,-0.200607,-0.677644,-0.672451,-0.281258,1.67217,-0.167871,0,0,0
6843219141406,666,0.0827045,1.2745,-1.47145,0.222626,-0.198227,-0.680257,-0.669623,-0.255231,1.67659,-0.212002,0,0,0
6843219152517,666,0.0789633,1.29331,-1.47196,0.223865,-0.19862,-0.681243,-0.668089,-0.359237,1.7123,-0.0453875,0,0,0
6843219163628,666,0.0749314,1.31212,-1.47173,0.223898,-0.205101,-0.68089,-0.666477,-0.371629,1.70168,0.0405376,0,0,0
6843219174763,666,0.0715614,1.33103,-1.47207,0.229088,-0.202186,-0.683778,-0.662637,-0.33149,1.68262,0.00289708,0,0,0
6843219185874,666,0.0671597,1.35023,-1.4713,0.230712,-0.21323,-0.680554,-0.66193,-0.357508,1.719,0.0319751,0,0,0
6843219196985,666,0.0637544,1.36958,-1.47093,0.235199,-0.213676,-0.679948,-0.660829,-0.318664,1.74563,0.0954103,0,0,0
6843219208097,666,0.0595718,1.38885,-1.47003,0.239074,-0.223562,-0.676615,-0.659587,-0.351051,1.73978,0.0641748,0,0,0
6843219219208,666,0.0561698,1.40813,-1.4693,0.245694,-0.226782,-0.674307,-0.658419,-0.314677,1.76331,0.0964445,0,0,0
6843219230319,666,0.0525827,1.42828,-1.46778,0.257712,-0.239522,-0.667695,-0.656047,-0.315287,1.76145,-0.0526529,0,0,0
6843219241430,666,0.0487822,1.44819,-1.467,0.256395,-0.246047,-0.662228,-0.659679,-0.319534,1.8109,0.0851372,0,0,0
6843219252541,666,0.0461055,1.46881,-1.46587,0.271633,-0.254063,-0.657507,-0.65525,-0.240326,1.90216,0.189821,0,0,0
6843219263652,666,0.0426282,1.48918,-1.4656,0.270882,-0.257509,-0.652182,-0.659523,-0.308717,1.8288,-0.0459587,0,0,0
6843219274731,666,0.0397578,1.51015,-1.46555,0.275921,-0.256402,-0.649099,-0.660905,-0.290579,1.8714,-0.0786168,0,0,0
6843219285841,666,0.0366117,1.5316,-1.46425,0.285649,-0.267775,-0.644645,-0.656608,-0.267293,1.93557,0.209619,0,0,0
6843219296953,666,0.033705,1.55293,-1.46503,0.285739,-0.264688,-0.641482,-0.660905,-0.253576,1.9373,-0.0178084,0,0,0
6843219308064,666,0.0308488,1.57477,-1.4654,0.28971,-0.267266,-0.639275,-0.660276,-0.279799,1.96406,-0.0554422,0,0,0
6843219319175,666,0.0281635,1.59653,-1.46538,0.291228,-0.264638,-0.638522,-0.661394,-0.316443,1.94878,-0.115733,0,0,0
6843219330286,666,0.025719,1.61854,-1.46648,0.293207,-0.269911,-0.635,-0.66178,-0.198302,1.95883,0.0187773,0,0,0
6843219341397,666,0.0232515,1.64068,-1.46819,0.292011,-0.272415,-0.634122,-0.662125,-0.173246,1.9975,-0.120819,0,0,0
6843219352508,666,0.0209042,1.66272,-1.46977,0.291412,-0.276463,-0.632726,-0.662046,-0.243025,1.98729,-0.212538,0,0,0
6843219363620,666,0.0188385,1.68495,-1.47175,0.290991,-0.278537,-0.633007,-0.661093,-0.270528,1.94674,-0.349796,0,0,0
6843219374751,666,0.0173522,1.70713,-1.47329,0.295733,-0.28348,-0.631614,-0.658214,-0.10232,2.02932,-0.0758741,0,0,0
6843219385862,666,0.0156216,1.72865,-1.47616,0.288887,-0.273898,-0.634723,-0.662307,-0.230743,1.9629,-0.169051,0,0,0
6843219396973,666,0.014774,1.75027,-1.47863,0.293842,-0.283392,-0.63299,-0.657776,-0.0650833,1.89336,-0.232732,0,0,0
6843219408084,666,0.0135683,1.77158,-1.48147,0.281561,-0.283346,-0.633572,-0.66259,-0.0758968,1.92104,-0.147102,0,0,0
6843219419195,666,0.0131178,1.7928,-1.48514,0.29278,-0.29313,-0.631139,-0.655758,0.00755872,1.96136,-0.290673,0,0,0
6843219430306,666,0.0132241,1.8137,-1.48839,0.29379,-0.294046,-0.629027,-0.656924,0.124652,1.92739,-0.223783,0,0,0
6843219441417,666,0.0131469,1.83452,-1.49202,0.29234,-0.2958,-0.628356,-0.657426,0.0118329,1.83316,-0.314687,0,0,0
6843219452529,666,0.0132785,1.85522,-1.49604,0.279441,-0.297566,-0.627983,-0.662574,0.0263915,1.92106,-0.355525,0,0,0
6843219463640,666,0.0146612,1.87603,-1.49987,0.294923,-0.300626,-0.627971,-0.654444,0.137774,1.89179,-0.206385,0,0,0
6843219474750,666,0.0154442,1.89599,-1.50398,0.288753,-0.295111,-0.627017,-0.660591,0.158673,1.80975,-0.307562,0,0,0
6843219485838,666,0.0169254,1.91629,-1.50765,0.292006,-0.297773,-0.627872,-0.657146,0.109403,1.80567,-0.275523,0,0,0
6843219496949,666,0.0194339,1.93604,-1.51131,0.296069,-0.29346,-0.626912,-0.658184,0.15415,1.74659,-0.426492,0,0,0
6843219508060,666,0.0216439,1.95601,-1.51377,0.305635,-0.299756,-0.625267,-0.652515,0.243098,1.78438,-0.133609,0,0,0
6843219519171,666,0.0238704,1.97517,-1.51747,0.300461,-0.296746,-0.626706,-0.654908,0.250364,1.73176,-0.214426,0,0,0
6843219530283,666,0.0263881,1.99463,-1.51884,0.311215,-0.305477,-0.621978,-0.650363,0.280441,1.7678,-0.0886346,0,0,0
6843219541394,666,0.0292404,2.01324,-1.52177,0.310678,-0.296026,-0.626006,-0.651126,0.187779,1.62967,-0.313236,0,0,0
6843219552505,666,0.0323154,2.03221,-1.52339,0.316016,-0.300044,-0.622625,-0.649958,0.278935,1.72261,-0.140794,0,0,0
6843219563616,666,0.0351911,2.0505,-1.52435,0.317854,-0.30453,-0.619123,-0.650321,0.272698,1.63949,-0.120947,0,0,0
6843219574727,666,0.0386145,2.06869,-1.52528,0.323837,-0.30642,-0.616409,-0.649058,0.236119,1.5815,-0.196143,0,0,0
6843219585866,666,0.0424039,2.08663,-1.52643,0.329706,-0.306558,-0.614678,-0.647678,0.37264,1.6036,-0.12555,0,0,0
6843219596977,666,0.0455837,2.10423,-1.5267,0.335739,-0.310697,-0.610215,-0.646826,0.223161,1.48279,-0.16464,0,0,0
6843219608089,666,0.0492568,2.12156,-1.5275,0.344387,-0.31205,-0.60682,-0.64482,0.271648,1.56826,-0.0815112,0,0,0
6843219619199,666,0.0524526,2.13849,-1.52754,0.351559,-0.317167,-0.602287,-0.642699,0.298281,1.53163,-0.0405805,0,0,0
6843219630311,666,0.0557219,2.15497,-1.52761,0.354967,-0.320802,-0.597707,-0.643297,0.275244,1.40506,-0.150964,0,0,0
6843219641422,666,0.0594341,2.17186,-1.52768,0.371967,-0.32265,-0.593643,-0.636495,0.235121,1.51639,-0.0768047,0,0,0
6843219652533,666,0.0618375,2.18875,-1.5278,0.374405,-0.326922,-0.587673,-0.638422,0.256409,1.59764,0.0410312,0,0,0
6843219663644,666,0.0644177,2.205,-1.52823,0.376798,-0.323325,-0.588817,-0.637792,0.185363,1.46231,-0.116892,0,0,0
6843219674756,666,0.0663605,2.22197,-1.52889,0.381442,-0.323431,-0.588624,-0.635151,0.14903,1.53408,-0.132016,0,0,0
6843219685826,666,0.0681973,2.23994,-1.52921,0.393125,-0.330504,-0.589721,-0.623257,0.166979,1.71519,-0.116853,0,0,0
6843219696937,666,0.0683658,2.25609,-1.53075,0.386549,-0.31828,-0.593359,-0.630241,0.0626506,1.52352,-0.0810537,0,0,0
6843219708048,666,0.0678466,2.27323,-1.53211,0.380127,-0.315331,-0.599403,-0.62991,-0.129903,1.53,-0.15861,0,0,0
6843219719159,666,0.0664968,2.28987,-1.53366,0.375217,-0.313685,-0.603195,-0.630055,-0.150845,1.52202,-0.0132192,0,0,0
6843219730271,666,0.0644718,2.30619,-1.53473,0.371166,-0.309621,-0.605895,-0.631872,-0.249793,1.46162,-0.0219709,0,0,0
6843219741382,666,0.0614248,2.32177,-1.53659,0.363199,-0.311886,-0.606383,-0.634912,-0.300752,1.39314,-0.0820905,0,0,0
6843219752493,666,0.0580673,2.33669,-1.53838,0.35711,-0.322741,-0.604256,-0.634969,-0.366601,1.31654,-0.27395,0,0,0
6843219763604,666,0.0547756,2.35102,-1.53991,0.355295,-0.329439,-0.600449,-0.636157,-0.359472,1.28517,-0.186409,0,0,0
6843219774715,666,0.0512723,2.36436,-1.5415,0.352472,-0.337604,-0.595684,-0.637924,-0.331831,1.16841,-0.219087,0,0,0
6843219785849,666,0.0477834,2.37715,-1.54305,0.351232,-0.344954,-0.590679,-0.639328,-0.345831,1.11184,-0.221203,0,0,0
6843219796960,666,0.0444546,2.38945,-1.5444,0.350579,-0.353609,-0.585241,-0.639959,-0.321134,1.07512,-0.212714,0,0,0
6843219808071,666,0.041635,2.40084,-1.54596,0.349483,-0.356944,-0.584202,-0.639657,-0.239325,1.00058,-0.192567,0,0,0
6843219819182,666,0.039117,2.41173,-1.54705,0.357427,-0.360902,-0.581665,-0.635344,-0.215516,0.952301,-0.0859895,0,0,0
6843219830293,666,0.0364337,2.42216,-1.54856,0.35659,-0.362996,-0.587429,-0.629289,-0.152875,0.944919,-0.0707101,0,0,0
6843219841405,666,0.0342102,2.43205,-1.54973,0.362657,-0.365712,-0.588555,-0.623168,-0.202953,0.908231,-0.0940415,0,0,0
6843219852515,666,0.0316927,2.44181,-1.55052,0.362619,-0.366978,-0.593396,-0.617832,-0.216891,0.857491,-0.129896,0,0,0
6843219863627,666,0.0302424,2.45197,-1.55064,0.375411,-0.372612,-0.595763,-0.604396,-0.1071,0.950499,0.0663204,0,0,0
6843219874738,666,0.0280364,2.46062,-1.55122,0.367483,-0.372146,-0.598295,-0.607047,-0.214489,0.804427,-0.0284291,0,0,0
6843219885848,666,0.0263096,2.47049,-1.55122,0.375599,-0.374138,-0.599836,-0.599286,-0.221861,0.90466,-0.000321897,0,0,0
6843219896979,666,0.0247642,2.47974,-1.55091,0.377666,-0.377458,-0.598685,-0.597051,-0.189958,0.82616,-0.0322756,0,0,0
6843219908090,666,0.0232912,2.4898,-1.54996,0.385812,-0.386025,-0.595614,-0.589388,-0.174664,0.525508,-0.211208,0,0,0
6843219919202,666,0.021795,2.50101,-1.54733,0.398237,-0.403079,-0.585016,-0.580251,-0.073541,0.948096,0.148776,0,0,0
6843219930313,666,0.0205262,2.5101,-1.54929,0.390701,-0.39245,-0.595278,-0.58222,-0.219044,1.00633,0.134078,0,0,0
6843219941424,666,0.0193238,2.52291,-1.54598,0.408366,-0.419862,-0.578024,-0.568192,-0.0264116,1.36035,0.480249,0,0,0
6843219952535,666,0.0185389,2.53088,-1.54813,0.390216,-0.39059,-0.600661,-0.578254,-0.113409,0.945477,0.0373186,0,0,0
6843219963646,666,0.0165993,2.54378,-1.54635,0.409737,-0.407651,-0.583164,-0.570838,-0.0688156,1.23707,0.217581,0,0,0
6843219974757,666,0.0150727,2.55426,-1.54555,0.398642,-0.401761,-0.583333,-0.582577,-0.147309,1.0563,0.057963,0,0,0
6843219985869,666,0.0146082,2.56663,-1.54502,0.422913,-0.413678,-0.573258,-0.566913,0.0135561,1.26491,0.161435,0,0,0
6843219996969,666,0.0134298,2.57738,-1.54609,0.415387,-0.40391,-0.576605,-0.576053,-0.0854061,1.02246,-0.0376123,0,0,0
6843220008080,666,0.0126019,2.58972,-1.54514,0.430737,-0.413792,-0.566049,-0.568182,-0.0436906,1.16475,0.114881,0,0,0
6843220019191,666,0.0118902,2.60136,-1.54509,0.433195,-0.415525,-0.562424,-0.568648,-0.0553273,1.03655,-0.010966,0,0,0
6843220030302,666,0.0112311,2.61309,-1.5446,0.436694,-0.421271,-0.55647,-0.567601,-0.0506814,1.26102,0.191228,0,0,0
6843220041413,666,0.0105574,2.6241,-1.54574,0.442856,-0.415264,-0.555306,-0.568392,-0.0775194,0.961571,-0.154554,0,0,0
6843220052525,666,0.0104009,2.63308,-1.54797,0.421625,-0.395876,-0.571445,-0.582208,-0.0549673,0.24331,-0.700518,0,0,0
6843220063636,666,0.00893449,2.64476,-1.54721,0.434387,-0.405416,-0.555642,-0.581557,-0.0917254,1.12326,0.156564,0,0,0
6843220074746,666,0.00787578,2.65462,-1.54822,0.432063,-0.395986,-0.563508,-0.582216,-0.0724918,0.830152,-0.10408,0,0,0
6843220085857,666,0.00785925,2.6677,-1.54742,0.443773,-0.421332,-0.550901,-0.567498,-0.0567042,0.95934,-0.073693,0,0,0
6843220096966,666,0.0066026,2.67637,-1.54828,0.419127,-0.405324,-0.56183,-0.586849,-0.1452,1.13159,0.314857,0,0,0
6843220108077,666,0.00638853,2.68666,-1.54955,0.440562,-0.412665,-0.558141,-0.56929,-0.0528036,0.846633,-0.100775,0,0,0
6843220119189,666,0.00618177,2.69778,-1.54907,0.440897,-0.433392,-0.549099,-0.56238,0.0109886,1.0937,0.160362,0,0,0
6843220130300,666,0.00534178,2.70533,-1.55119,0.43892,-0.415287,-0.557998,-0.568791,-0.0156667,0.925138,0.0597978,0,0,0
6843220141411,666,0.00507546,2.71468,-1.5523,0.443725,-0.416479,-0.554214,-0.567892,-0.0195049,0.736926,-0.272512,0,0,0
6843220152522,666,0.00456221,2.72258,-1.55352,0.427253,-0.414496,-0.560049,-0.576188,-0.0995093,0.696975,-0.134894,0,0,0
6843220163633,666,0.00436591,2.73135,-1.55409,0.429107,-0.413748,-0.558204,-0.577138,-0.0305256,0.771953,0.0350653,0,0,0
6843220174744,666,0.00472914,2.74032,-1.556,0.430681,-0.417735,-0.558646,-0.572648,0.0247961,0.809421,-0.12054,0,0,0
6843220185855,666,0.00451798,2.74862,-1.55712,0.423962,-0.416076,-0.558608,-0.578873,-0.0221149,0.75045,-0.158738,0,0,0
6843220196967,666,0.0052279,2.75756,-1.55876,0.423657,-0.41672,-0.562976,-0.574384,0.000584842,0.849742,-0.324071,0,0,0
6843220208069,666,0.00540454,2.76625,-1.55994,0.422476,-0.418248,-0.563348,-0.573779,0.0191779,0.738862,-0.173288,0,0,0
6843220219181,666,0.00558647,2.77473,-1.56109,0.420806,-0.417269,-0.562885,-0.576168,-0.00288566,0.647112,-0.0939556,0,0,0
6843220230292,666,0.00609274,2.78299,-1.56241,0.418568,-0.416563,-0.564765,-0.576469,0.00233149,0.702382,-0.0724997,0,0,0
6843220241403,666,0.00694716,2.79209,-1.56373,0.424231,-0.425884,-0.560189,-0.569946,0.116338,0.868966,-0.134958,0,0,0
6843220252514,666,0.00739243,2.79984,-1.56437,0.417704,-0.424034,-0.560435,-0.575874,-0.0103053,0.71886,-0.0353165,0,0,0
6843220263625,666,0.00889162,2.80767,-1.56589,0.415849,-0.425132,-0.563098,-0.573805,0.0996787,0.709892,-0.116527,0,0,0
6843220274736,666,0.00988351,2.81569,-1.56651,0.415977,-0.428437,-0.560045,-0.574242,0.0824661,0.673073,-0.0311111,0,0,0
6843220285847,666,0.0112457,2.82335,-1.56733,0.415988,-0.429675,-0.557442,-0.57584,-0.0285346,0.778594,0.0246529,0,0,0
6843220296958,666,0.0124768,2.83082,-1.56785,0.417303,-0.429133,-0.553607,-0.578985,0.111608,0.531002,-0.0465249,0,0,0
6843220308060,666,0.0146114,2.83828,-1.56813,0.419443,-0.430004,-0.552889,-0.577476,0.176888,0.531164,-0.0183448,0,0,0
6843220319171,666,0.0170078,2.84507,-1.56934,0.422475,-0.426671,-0.551996,-0.578591,0.0769056,0.248161,-0.591025,0,0,0
6843220330282,666,0.0193035,2.85192,-1.56953,0.421075,-0.426309,-0.553184,-0.578744,0.181537,0.545079,0.0266746,0,0,0
6843220341393,666,0.0223361,2.85831,-1.56996,0.4267,-0.424356,-0.55206,-0.57713,0.223353,0.491813,0.0211985,0,0,0
6843220352504,666,0.0252432,2.86435,-1.56984,0.422794,-0.423258,-0.555553,-0.577458,0.253926,0.447523,-0.00748948,0,0,0
6843220363616,666,0.0285443,2.87075,-1.56972,0.430539,-0.426432,-0.555138,-0.569749,0.242863,0.313393,-0.143308,0,0,0
6843220374726,666,0.0319308,2.87628,-1.56968,0.437783,-0.42546,-0.553582,-0.56646,0.307968,0.381813,-0.415097,0,0,0
6843220385838,666,0.0350369,2.8818,-1.56839,0.438485,-0.430019,-0.55174,-0.564267,0.317369,0.232025,-0.343596,0,0,0
6843220396949,666,0.0383827,2.88637,-1.5688,0.444025,-0.422205,-0.554051,-0.563571,0.315881,0.470143,0.0166498,0,0,0
6843220408068,666,0.0420124,2.89088,-1.56738,0.421155,-0.422281,-0.563556,-0.571587,0.351043,0.381307,0.185318,0,0,0
6843220419179,666,0.0448682,2.89532,-1.5669,0.432161,-0.419542,-0.558953,-0.569906,0.246837,0.319436,0.158924,0,0,0
6843220430290,666,0.0487896,2.90043,-1.56728,0.455317,-0.419865,-0.552389,-0.557912,0.3166,0.572273,-0.00377625,0,0,0
6843220441401,666,0.0515618,2.90522,-1.5654,0.445605,-0.428963,-0.556538,-0.5547,0.215727,0.196958,-0.20389,0,0,0
6843220452512,666,0.055312,2.91133,-1.56221,0.444748,-0.446955,-0.548178,-0.549482,0.339911,0.978477,0.640825,0,0,0
6843220463623,666,0.0578297,2.91378,-1.56382,0.451405,-0.431048,-0.554344,-0.550576,0.251067,0.524864,-0.00843371,0,0,0
6843220474734,666,0.0612389,2.91794,-1.56316,0.458044,-0.430743,-0.551902,-0.547778,0.239532,0.702382,0.22252,0,0,0
6843220485845,666,0.0645535,2.92179,-1.56205,0.450157,-0.43189,-0.555376,-0.549897,0.0823494,0.732853,0.187773,0,0,0
6843220496956,666,0.0680903,2.92493,-1.56124,0.42919,-0.425393,-0.562746,-0.564051,0.235229,0.598128,0.323013,0,0,0
6843220508068,666,0.0724454,2.92762,-1.56214,0.448918,-0.412665,-0.567769,-0.553008,0.419625,0.311111,-0.0470315,0,0,0
6843220519183,666,0.0755899,2.93115,-1.56117,0.447142,-0.411633,-0.56765,-0.555333,0.312841,0.121956,-0.261612,0,0,0
6843220530294,666,0.0790774,2.93696,-1.55896,0.459809,-0.425856,-0.558734,-0.543175,0.311849,0.68835,0.294226,0,0,0
6843220541405,666,0.0825435,2.94019,-1.55898,0.459084,-0.420342,-0.560999,-0.545743,0.216749,0.639387,0.248632,0,0,0
6843220552516,666,0.0860563,2.94324,-1.55856,0.437347,-0.414909,-0.574345,-0.553811,0.21537,0.432767,0.244491,0,0,0
6843220563627,666,0.0890126,2.94779,-1.55741,0.448933,-0.415176,-0.568479,-0.550381,0.296106,0.273306,-0.083056,0,0,0
6843220574738,666,0.0918432,2.95112,-1.55754,0.438325,-0.409594,-0.575982,-0.555291,0.292696,0.0762682,-0.106183,0,0,0
6843220585849,666,0.0949352,2.95589,-1.55681,0.451075,-0.417601,-0.568097,-0.547181,0.205513,0.552977,0.21801,0,0,0
6843220596960,666,0.0974411,2.95893,-1.55665,0.43546,-0.405683,-0.582788,-0.553311,0.25659,0.228418,-0.0636284,0,0,0
6843220608072,666,0.0995581,2.96365,-1.55556,0.434704,-0.418152,-0.575537,-0.552213,0.281628,0.440276,0.0712981,0,0,0
6843220619186,666,0.102336,2.96768,-1.5538,0.418474,-0.419465,-0.578963,-0.560116,0.368003,0.28133,0.0359173,0,0,0
6843220630297,666,0.104003,2.97111,-1.55425,0.423756,-0.41039,-0.578961,-0.562863,0.211556,0.353057,0.0400226,0,0,0
6843220641408,666,0.105161,2.9766,-1.55238,0.442121,-0.419149,-0.570728,-0.550556,0.0241165,0.435084,0.13131,0,0,0
6843220652519,666,0.10767,2.97943,-1.55212,0.426665,-0.421053,-0.574592,-0.557239,0.166748,-0.297304,-0.651048,0,0,0
6843220663630,666,0.109143,2.98357,-1.55046,0.417603,-0.417618,-0.571831,-0.569397,0.162094,0.324714,0.144356,0,0,0
6843220674741,666,0.110634,2.98715,-1.54971,0.427293,-0.412892,-0.576535,-0.560847,0.141289,0.38662,0.169232,0,0,0
6843220685852,666,0.113072,2.99133,-1.54967,0.442276,-0.413533,-0.569789,-0.555628,0.0502871,0.40735,0.214705,0,0,0
6843220696964,666,0.11491,2.99528,-1.54662,0.416348,-0.430452,-0.571933,-0.560587,0.155679,0.363206,0.377861,0,0,0
6843220708075,666,0.116166,2.99804,-1.54693,0.422866,-0.416371,-0.579974,-0.558077,-0.00778583,0.381229,-0.119596,0,0,0
6843220719182,666,0.117582,3.0018,-1.54634,0.434427,-0.417052,-0.573965,-0.554892,-0.0633125,0.414699,0.229894,0,0,0
6843220730293,666,0.119249,3.00393,-1.54383,0.395391,-0.41647,-0.588686,-0.568918,0.081475,0.103032,0.32199,0,0,0
6843220741404,666,0.1218,3.0069,-1.54145,0.376293,-0.417464,-0.596254,-0.573245,0.216721,0.221637,0.257711,0,0,0
6843220752515,666,0.121577,3.01221,-1.5391,0.410605,-0.440514,-0.576131,-0.552652,-0.118042,0.0388423,-0.0345718,0,0,0
6843220763627,666,0.122542,3.0164,-1.53701,0.4199,-0.456187,-0.560516,-0.548998,0.198816,0.504129,0.108975,0,0,0
6843220774738,666,0.123667,3.01579,-1.53836,0.401762,-0.420102,-0.584749,-0.565836,-0.00435422,0.27189,0.195013,0,0,0
6843220785849,666,0.124771,3.01742,-1.53772,0.393229,-0.4205,-0.585684,-0.570549,0.106232,0.0699035,0.0313686,0,0,0
6843220796960,666,0.12416,3.02161,-1.53605,0.420968,-0.428949,-0.573699,-0.556469,-0.0102841,0.11509,-0.196365,0,0,0
6843220808071,666,0.125469,3.02391,-1.53499,0.416035,-0.428727,-0.5791,-0.554753,0.149883,0.26275,0.0817043,0,0,0
6843220819182,666,0.126288,3.02533,-1.5347,0.408382,-0.421449,-0.586616,-0.558109,0.0748116,0.0417179,-0.147686,0,0,0
6843220830277,666,0.124769,3.02865,-1.53248,0.414328,-0.428229,-0.573961,-0.561713,-0.0250463,0.150777,-0.0155369,0,0,0
6843220841388,666,0.124865,3.03412,-1.52853,0.414975,-0.453266,-0.558749,-0.556907,-0.0757075,0.496022,0.259235,0,0,0
6843220852500,666,0.124997,3.03443,-1.53144,0.405462,-0.432111,-0.57593,-0.563193,0.0490094,-0.137962,-0.551075,0,0,0
6843220863610,666,0.126489,3.03654,-1.53283,0.408597,-0.423041,-0.578496,-0.56518,0.233182,0.135197,-0.238633,0,0,0
6843220874722,666,0.125726,3.03924,-1.52952,0.37742,-0.433607,-0.586517,-0.570558,-0.104828,0.226575,0.573518,0,0,0
6843220885832,666,0.122841,3.04322,-1.52867,0.380987,-0.438656,-0.572476,-0.578534,-0.130423,0.268934,0.218032,0,0,0
6843220896944,666,0.123551,3.04464,-1.53117,0.388311,-0.426409,-0.578692,-0.576633,0.0695083,0.153008,-0.10614,0,0,0
6843220908055,666,0.124064,3.04687,-1.5322,0.394083,-0.422174,-0.577329,-0.5772,0.0771382,0.171648,-0.0873043,0,0,0
6843220919166,666,0.1229,3.04901,-1.53137,0.391344,-0.423101,-0.573675,-0.582008,-0.0544566,0.193661,0.00933334,0,0,0
6843220930292,666,0.122741,3.0506,-1.53109,0.379094,-0.42235,-0.578412,-0.585959,0.0318473,0.0992123,-0.083528,0,0,0
6843220941403,666,0.122985,3.05459,-1.52845,0.385174,-0.442504,-0.565697,-0.579498,0.0748504,0.0902008,-0.162164,0,0,0
6843220952514,666,0.122881,3.05445,-1.53079,0.37362,-0.425434,-0.576412,-0.589206,-0.0653347,-0.0602054,-0.312506,0,0,0
6843220963625,666,0.123531,3.05466,-1.5327,0.389097,-0.412744,-0.579877,-0.584798,-0.0566284,0.00579415,-0.11511,0,0,0
6843220974736,666,0.123228,3.05607,-1.53237,0.385703,-0.417302,-0.576736,-0.586913,-0.00500148,0.133652,-0.0156442,0,0,0
6843220985847,666,0.12415,3.05668,-1.53289,0.389851,-0.41197,-0.576003,-0.588657,0.0995387,0.0689718,-0.0362671,0,0,0
6843220996959,666,0.124916,3.05734,-1.53446,0.390602,-0.408318,-0.576334,-0.590377,0.0623081,0.0464736,-0.0798376,0,0,0
6843221008070,666,0.12475,3.05817,-1.53437,0.389372,-0.409545,-0.574414,-0.592209,0.00722798,0.0606345,-0.0106207,0,0,0
6843221019180,666,0.125144,3.05949,-1.53426,0.396948,-0.413737,-0.572278,-0.586303,0.0207302,0.0847234,0.080131,0,0,0
6843221030289,666,0.124731,3.06023,-1.53339,0.394177,-0.411789,-0.579414,-0.582524,0.011257,0.0428338,0.0489498,0,0,0
6843221041400,666,0.124819,3.06061,-1.53348,0.394424,-0.410725,-0.57967,-0.582853,0.0189966,0.0304675,0.0590682,0,0,0
6843221052512,666,0.124637,3.061,-1.53334,0.390545,-0.411001,-0.581577,-0.583371,0.068065,0.111228,0.0899005,0,0,0
6843221063622,666,0.124754,3.0613,-1.53371,0.394223,-0.41027,-0.579697,-0.583282,0.0214062,0.0203868,-0.0575552,0,0,0
6843221074734,666,0.124092,3.06117,-1.53411,0.38525,-0.405206,-0.582188,-0.590295,-0.0879667,-0.0621365,-0.10876,0,0,0
6843221085845,666,0.124052,3.06144,-1.53443,0.388319,-0.40373,-0.580878,-0.590585,-0.0837104,-0.0636813,-0.109726,0,0,0
6843221096956,666,0.123595,3.06187,-1.53489,0.387638,-0.402283,-0.580475,-0.592414,-0.0308175,0.0356169,-0.0115862,0,0,0
6843221108067,666,0.123361,3.06209,-1.53496,0.386695,-0.401095,-0.581697,-0.592637,-0.059661,0.0505931,0.0369472,0,0,0
6843221119178,666,0.122946,3.06246,-1.53518,0.385983,-0.400231,-0.582289,-0.593104,-0.0378833,0.0365675,-0.022683,0,0,0
6843221130294,666,0.122618,3.06254,-1.53576,0.382957,-0.404019,-0.579805,-0.594927,-0.0189923,-0.0146653,-0.0865339,0,0,0
6843221141405,666,0.122001,3.06289,-1.536,0.38195,-0.403764,-0.579945,-0.595612,-0.062461,0.0333426,-0.0172506,0,0,0
6843221152516,666,0.121696,3.06309,-1.53657,0.380935,-0.400649,-0.582176,-0.596189,-0.0566129,0.0299096,-0.0203617,0,0,0
6843221163627,666,0.120628,3.06358,-1.53633,0.373652,-0.402652,-0.583106,-0.598534,-0.0796043,0.0849227,0.0385993,0,0,0
6843221174739,666,0.119948,3.06377,-1.5365,0.3719,-0.402499,-0.58279,-0.600033,-0.0552451,0.0116291,-0.030682,0,0,0
6843221185849,666,0.119151,3.06398,-1.53661,0.372365,-0.398432,-0.58483,-0.600475,-0.0530913,0.00912546,-0.0300754,0,0,0
6843221196960,666,0.118831,3.06388,-1.53711,0.377397,-0.397096,-0.582755,-0.600236,-0.044674,0.00952816,-0.00892728,0,0,0
6843221208072,666,0.118091,3.06385,-1.5376,0.376796,-0.396662,-0.583401,-0.600273,-0.0479983,0.0010728,-0.0258544,0,0,0
6843221219183,666,0.117434,3.06388,-1.53773,0.378418,-0.397714,-0.582102,-0.599817,-0.0277328,-0.0121463,-0.0717616,0,0,0
6843221230286,666,0.116641,3.06364,-1.53764,0.375172,-0.400402,-0.580829,-0.601301,-0.0588701,-0.0257413,-0.0167598,0,0,0
6843221241397,666,0.116761,3.06389,-1.53799,0.381783,-0.401658,-0.583272,-0.593891,0.0940589,0.0529962,-0.0479755,0,0,0
6843221252508,666,0.115671,3.06269,-1.53868,0.375822,-0.401222,-0.579272,-0.60185,-0.0642968,-0.0646683,-0.0376981,0,0,0
6843221263619,666,0.114869,3.06224,-1.53843,0.375059,-0.40488,-0.577058,-0.602003,-0.0515399,-0.0536828,-0.0110069,0,0,0
6843221274730,666,0.114349,3.06165,-1.5384,0.375688,-0.405865,-0.576219,-0.601751,-0.0456772,-0.0563106,-0.000665254,0,0,0
6843221285841,666,0.113754,3.06112,-1.53794,0.372849,-0.408879,-0.576088,-0.601601,-0.060007,-0.0410741,0.0795086,0,0,0
6843221296952,666,0.11356,3.06017,-1.53825,0.373426,-0.405747,-0.576274,-0.603184,-0.0780882,-0.0432201,0.0528984,0,0,0
6843221308063,666,0.112761,3.05969,-1.53806,0.375715,-0.402307,-0.579612,-0.600864,-0.102719,-0.0232624,0.0251509,0,0,0
6843221319175,666,0.112512,3.05891,-1.53795,0.377394,-0.404333,-0.57844,-0.59958,-0.026486,-0.148432,-0.0963802,0,0,0
6843221330286,666,0.112473,3.05793,-1.53824,0.385975,-0.403449,-0.575062,-0.59796,-0.0251652,-0.069646,0.00577165,0,0,0
6843221341403,666,0.112397,3.05689,-1.53852,0.385681,-0.408984,-0.569581,-0.599633,0.00157433,-0.112601,-0.0543265,0,0,0
6843221352514,666,0.112489,3.05641,-1.53879,0.386905,-0.412389,-0.569979,-0.596124,0.0415535,-0.0168644,-0.0486407,0,0,0
6843221363626,666,0.112263,3.05596,-1.53822,0.391394,-0.414874,-0.567219,-0.594099,-0.0143701,-0.0213701,0.0943204,0,0,0
6843221374736,666,0.111963,3.05544,-1.53809,0.393041,-0.415083,-0.566086,-0.593946,-0.0175094,-0.00772414,0.10065,0,0,0
6843221385847,666,0.111733,3.05498,-1.53797,0.394792,-0.41541,-0.565484,-0.593128,-0.0246439,-0.0323614,0.0193568,0,0,0
6843221396958,666,0.111486,3.05434,-1.53852,0.391617,-0.413508,-0.566845,-0.595259,-0.0286153,-0.0684568,-0.0865474,0,0,0
6843221408070,666,0.111208,3.05391,-1.53826,0.38684,-0.414476,-0.568794,-0.595851,-0.0344542,-0.0404659,0.0463449,0,0,0
6843221419181,666,0.111056,3.05365,-1.53838,0.392587,-0.414276,-0.565501,-0.595364,-0.0234111,-0.0308537,0.00585748,0,0,0
6843221430292,666,0.110805,3.05343,-1.53836,0.392433,-0.414352,-0.565544,-0.595373,-0.022695,-0.0257901,0.00411954,0,0,0
6843221441387,666,0.110495,3.05322,-1.53828,0.392445,-0.413767,-0.565343,-0.595963,-0.0314054,-0.0186776,0.0039593,0,0,0
6843221452498,666,0.109724,3.0534,-1.53793,0.395752,-0.409728,-0.56772,-0.594304,-0.104798,-0.000300383,-0.0502499,0,0,0
6843221463609,666,0.109482,3.05327,-1.53796,0.394723,-0.409477,-0.568445,-0.594468,-0.0120663,-0.00956936,-0.0138176,0,0,0
6843221474720,666,0.109026,3.05319,-1.53775,0.39505,-0.409208,-0.568398,-0.594481,-0.0408327,-0.044336,-0.0930498,0,0,0
6843221485831,666,0.108595,3.05316,-1.53769,0.394658,-0.409102,-0.568551,-0.594668,-0.04655,-0.036518,-0.100521,0,0,0
6843221496942,666,0.108145,3.05312,-1.53759,0.394254,-0.40907,-0.568794,-0.594726,-0.0520615,-0.0331769,-0.0968696,0,0,0
6843221508053,666,0.107791,3.05322,-1.53689,0.396529,-0.410328,-0.56797,-0.593132,-0.0251522,0.0254513,0.119488,0,0,0
6843221519165,666,0.107259,3.0532,-1.5367,0.396085,-0.410811,-0.567589,-0.593459,-0.0540476,0.00210268,0.00969809,0,0,0
6843221530276,666,0.107151,3.05315,-1.5369,0.400365,-0.40897,-0.563887,-0.595384,-0.0242372,-0.000343295,0.111271,0,0,0
6843221541387,666,0.105868,3.05243,-1.53673,0.387862,-0.406356,-0.568555,-0.600985,-0.188324,-0.127663,0.0105563,0,0,0
6843221552501,666,0.105544,3.05211,-1.53683,0.38569,-0.411107,-0.563881,-0.60355,-0.148261,-0.0198718,0.116098,0,0,0
6843221563613,666,0.104847,3.0522,-1.53639,0.382085,-0.413057,-0.564144,-0.604265,-0.100328,0.0218851,0.0895572,0,0,0
6843221574723,666,0.104876,3.05266,-1.53591,0.383187,-0.418668,-0.564152,-0.599681,-0.0910929,0.0312026,0.115025,0,0,0
6843221585835,666,0.104573,3.05218,-1.53651,0.376906,-0.414878,-0.566872,-0.603717,-0.0657156,-0.0772414,-0.0665778,0,0,0
6843221596946,666,0.104266,3.05266,-1.53588,0.385405,-0.417697,-0.561447,-0.601473,-0.0144399,0.0257471,0.0118437,0,0,0
6843221608057,666,0.103976,3.05278,-1.53559,0.386286,-0.419324,-0.55952,-0.601571,0.0464347,0.0830775,0.0708905,0,0,0
6843221619168,666,0.103048,3.0525,-1.53533,0.382173,-0.417519,-0.557585,-0.607223,-0.144878,-0.0578986,0.0266531,0,0,0
6843221630279,666,0.103212,3.05259,-1.53559,0.382472,-0.415617,-0.557637,-0.608292,-0.0786771,-0.0632635,-0.0372113,0,0,0
6843221641390,666,0.102831,3.05283,-1.5351,0.381198,-0.418178,-0.556095,-0.608748,-0.0656751,-0.0914188,-0.108994,0,0,0
6843221652488,666,0.102831,3.05308,-1.53498,0.380222,-0.419126,-0.5551,-0.609613,0.00311648,0.0202973,0.00693027,0,0,0
6843221663599,666,0.103057,3.05347,-1.53462,0.382125,-0.421446,-0.554182,-0.607656,0.0377826,0.0524384,0.0637886,0,0,0
